RECITATION324_001	0	女の子がキッキッ嬉しそう。	オンナノコガキッキッウレシソー。
RECITATION324_002	0	ツァツォに旅行した。	ツァツォニリョコーシタ。
RECITATION324_003	0	民衆がテュルリー宮殿に侵入した。	ミンシュウガテュルリーキュウデンニシンニュウシタ。
RECITATION324_004	0	ハイチ共和国でトゥーサンルーヴェルテュールが勝利を収められたのは、実際黄熱病のおかげだった。	ハイチキョーワコクデトゥーサンルーヴェルテュールガショーリヲオサメラレタノワ、ジッサイオーネツビョーノオカゲダッタ。
RECITATION324_005	0	レジャンドルは民衆をテュルリー宮殿に招いた。	レジャンドルワミンシュウヲテュルリーキュウデンニマネータ。
RECITATION324_006	0	助言はできないとデュパンは言った。	ジョゲンワデキナイトデュパンワイッタ。
RECITATION324_007	0	フランス人シェフと日本人シェフは全然違う。	フランスジンシェフトニホンジンシェフワゼンゼンチガウ。
RECITATION324_008	0	中国の外交団にアタッシェとして派遣された。	チュウゴクノガイコーダンニアタッシェトシテハケンサレタ。
RECITATION324_009	0	ファシズム勢力との総力戦に臨む。	ファシズムセーリョクトノソーリョクセンニノゾム。
RECITATION324_010	0	家具商人のフィシェルは、荷車と仔馬を貸してくれた。	カグショーニンノフィシェルワ、ニグルマトコウマヲカシテクレタ。
RECITATION324_011	0	ローカル路線にはファンも多い。	ローカルロセンニワファンモオオイ。
RECITATION324_012	0	フェイントで相手をかわしてからシュートでフィニッシュした。	フェイントデアイテヲカワシテカラシュートデフィニッシュシタ。
RECITATION324_013	0	1877、プフェファーにより浸透現象が発見された。	センハッピャクナナジュウナナ、プフェファーニヨリシントーゲンショーガハッケンサレタ。
RECITATION324_014	0	揺れるフェリーに乗るのは私にとって苦行です。	ユレルフェリーニノルノワワタシニトッテクギョーデス。
RECITATION324_015	0	ホルロ・アラ・ティタルッフォという特別なお料理も出ました。	ホルロアラティタルッフォトユウトクベツナオリョーリモデマシタ。
RECITATION324_016	0	笛の音がなるとウサギのキッドが早速ぴょんと跳ねた。	フエノオトガナルトウサギノキッドガサッソクピョントハネタ。
RECITATION324_017	0	あの旅客は噂のキャフェに行くようです。	アノリョキャクワウワサノキャフェニイクヨーデス。
RECITATION324_018	0	目標は一等賞です。	モクヒョーワイットーショーデス。
RECITATION324_019	0	ウサギのキッドは気分よくピョン、またピョンと飛び続けた。	ウサギノキッドワキブンヨクピョン、マタピョントトビツヅケタ。
RECITATION324_020	0	アフタヌーンティーを楽しみましょう。	アフタヌーンティーヲタノシミマショー。
RECITATION324_021	0	彼女はティピカルなフェミニストです。	カノジョワティピカルナフェミニストデス。
RECITATION324_022	0	助手たちとミッツィは探している書類を見つけられなかった。	ジョシュタチトミッツィワサガシテイルショルイヲミツケラレナカッタ。
RECITATION324_023	0	フィレンツェ、パドヴァ、ヴェネツィアはどれもイタリアの都市です。	フィレンツェ、パドヴァ、ヴェネツィアワドレモイタリアノトシデス。
RECITATION324_024	0	楽譜に次のように書いてあるのが、エーフェリチェです。	ガクフニツギノヨーニカイテアルノガ、エーフェリチェデス。
RECITATION324_025	0	ショペンハウエルとニーチェの哲学書を本棚から取り出した。	ショペンハウエルトニーチェノテツガクショヲホンダナカラトリダシタ。
RECITATION324_026	0	早速召使い全員に知らせましょう。	サッソクメシツカイゼンインニシラセマショー。
RECITATION324_027	0	重い綿入を脱いで、あわせに着替える。	オモイワタイレヲヌイデ、アワセニキガエル。
RECITATION324_028	0	ボストンで、とあるチョプスイ屋へ入って夕飯を食った。	ボストンデ、トアルチョプスイヤエハイッテユウハンヲクッタ。
RECITATION324_029	0	ろくすっぽ休憩をとらず働いた。	ロクスッポキュウケーヲトラズハタライタ。
RECITATION324_030	0	かつて一人で国府に侵入した。	カツテヒトリデコクフニシンニュウシタ。
RECITATION324_031	0	だが、今日お前がここへ御入来になったのは、どんなご用なのかな？	ダガ、キョーオマエガココエゴジュライニナッタノワ、ドンナゴヨーナノカナ？
RECITATION324_032	0	サブフランチャイザーを増やして目指せ百店舗。	サブフランチャイザーヲフヤシテメザセヒャクテンポ。
RECITATION324_033	0	四国でお遍路を行脚しよう。	シコクデオヘンロヲアンギャシヨー。
RECITATION324_034	0	いつもの通りギャンギャン泣き出しました。	イツモノトオリギャンギャンナキダシマシタ。
RECITATION324_035	0	先生は、立ったままニュースを見ていました。	センセーワ、タッタママニュースヲミテイマシタ。
RECITATION324_036	0	私はギョッと目を見開いた。	ワタシワギョットメヲミヒライタ。
RECITATION324_037	0	友達へニューイヤーカードを送ろう。	トモダチエニューイヤーカードヲオクロー。
RECITATION324_038	0	家政婦は休みにおしゃれなアウターウェアに身を包み一人で屋台を楽しみました。	カセーフワヤスミニオシャレナアウターウェアニミヲツツミヒトリデヤタイヲタノシミマシタ。
RECITATION324_039	0	ウォッカのお供には塩漬けのきゅうりがあいます。	ウォッカノオトモニワシオヅケノキュウリガアイマス。
RECITATION324_040	0	山の向こうのミュンヒェンの人たちが攻撃をしかけた。	ヤマノムコーノミュンヒェンノヒトタチガコーゲキヲシカケタ。
RECITATION324_041	0	ボスニア国境からの攻撃により、十一月にヴァリェヴォが占領された。	ボスニアコッキョーカラノコーゲキニヨリ、ジュウイチガツニヴァリェヴォガセンリョーサレタ。
RECITATION324_042	0	シルヴィウスはデュボアと呼ばれていたフランスのユグノーの家に生まれた。	シルヴィウスワデュボアトヨバレテイタフランスノユグノーノイエニウマレタ。
RECITATION324_043	0	そのほかに私に出来ることはなかったのです、百合枝は涙声になった。	ソノホカニワタシニデキルコトワナカッタノデス、ユリエワナミダゴエニナッタ。
RECITATION324_044	0	ガル博士百体近く。	ガルハカセヒャクタイチカク。
RECITATION324_045	0	日本政府からの百兆円を超える予算要求。	ニホンセーフカラノヒャクチョーエンヲコエルヨサンヨーキュウ。
RECITATION324_046	0	写経の美しさに私は仰天してしまった。	シャキョーノウツクシサニワタシワギョーテンシテシマッタ。
RECITATION324_047	0	ソプラノ歌手ポリランダチョは歌劇アイーダの特別名歌手と評判です。	ソプラノカシュポリランダチョワカゲキアイーダノトクベツメーカシュトヒョーバンデス。
RECITATION324_048	0	貴方には最初百ポンド渡します。	アナタニワサイショヒャクポンドワタシマス。
RECITATION324_049	0	社長からの指示です。	シャチョーカラノシジデス。
RECITATION324_050	0	どうも気まぐれというものは多少メフィスティックなものであるらしい。	ドーモキマグレトユウモノワタショーメフィスティックナモノデアルラシイ。
RECITATION324_051	0	蛙がピョコピョコ飛び回っています。	カエルガピョコピョコトビマワッテイマス。
RECITATION324_052	0	魔境に足を踏み入れる。	マキョーニアシヲフミイレル。
RECITATION324_053	0	ヴァンダーヴォットタイム中は、いわゆるパーティーのようで晴れやかです。	ヴァンダーヴォットタイムチュウワ、イワユルパーティーノヨーデハレヤカデス。
RECITATION324_054	0	スピリッツとは蒸留酒の事です。	スピリッツトワジョーリュウシュノコトデス。
RECITATION324_055	0	ヌルシアのベネディクトゥスはアポロン神殿を壊し、ベネディクト会の修道院を建てた。	ヌルシアノベネディクトゥスワアポロンシンデンヲコワシ、ベネディクトカイノシュウドーインヲタテタ。
RECITATION324_056	0	ちょうどそのとき、デストゥパーゴがコップをもって立ちあがりました。	チョードソノトキ、デストゥパーゴガコップヲモッテタチアガリマシタ。
RECITATION324_057	0	パフィーのグッズが残らず部屋に落ち着いた。	パフィーノグッズガノコラズヘヤニオチツイタ。
RECITATION324_058	0	エピファーノフは財布を無くした。	エピファーノフワサイフヲナクシタ。
RECITATION324_059	0	ポピュラーなソフトを使いセキュアな状態を復旧する。	ポピュラーナソフトヲツカイセキュアナジョータイヲフッキュウスル。
RECITATION324_060	0	チョコの在庫あったかな？	チョコノザイコアッタカナ？
RECITATION324_061	0	おめえ、この仕込みにゃあ、どのくれえ時間かかるか知ってっか。	オメエ、コノシコミニャア、ドノクレエジカンカカルカシッテッカ。
RECITATION324_062	0	それに、このほうが体のためにゃずっといいんだからね。	ソレニ、コノホーガカラダノタメニャズットイインダカラネ。
RECITATION324_063	0	夏休みに、トラアヴェミュンへ旅行した。	ナツヤスミニ、トラアヴェミュンエリョコーシタ。
RECITATION324_064	0	ここで一緒にウェイクフィールドの叔母を待った。	ココデイッショニウェイクフィールドノオバヲマッタ。
RECITATION324_065	0	八つになるウォルターと一緒に出た兄弟がいたが、ウォルターだけ発見された。	ヤッツニナルウォルタートイッショニデタキョーダイガイタガ、ウォルターダケハッケンサレタ。
RECITATION324_066	0	最初のジョブはウォーリアがいいと思います。	サイショノジョブワウォーリアガイイトオモイマス。
RECITATION324_067	0	およそ六百メートル先を右折です。	オヨソロッピャクメートルサキヲウセツデス。
RECITATION324_068	0	新店オープンのレセプションに沢山のお客さんを招待した。	シンテンオープンノレセプションニタクサンノオキャクサンヲショータイシタ。
RECITATION324_069	0	脚本作者ピエール・オービュルナンの給仕クレマンが、主人の書斎の戸を大切そうに開いた。	キャクホンサクシャピエールオービュルナンノキュウジクレマンガ、シュジンノショサイノトヲタイセツソーニヒライタ。
RECITATION324_070	0	われわれは、天主教徒か長老教会派のもので、天主教徒が多数を占めている。	ワレワレワ、テンシュキョートカチョーローキョーカイハノモノデ、テンシュキョートガタスウヲシメテイル。
RECITATION324_071	0	結局のところお互い五十歩百歩だ。	ケッキョクノトコロオタガイゴジッポヒャッポダ。
RECITATION324_072	0	突拍子もない話だが、決して嘘ではない。	トッピョーシモナイハナシダガ、ケッシテウソデワナイ。
RECITATION324_073	0	ネットで懸案の解決を目指す。	ネットデケンアンノカイケツヲメザス。
RECITATION324_074	0	切れ味鋭いペティナイフは使い勝手が良い。	キレアジスルドイペティナイフワツカイガッテガヨイ。
RECITATION324_075	0	指をくわえてぴゅーと一声口笛を吹いた。	ユビヲクワエテピュートヒトコエクチブエヲフイタ。
RECITATION324_076	0	クレンペ教頭は無骨な男だが、自分の学問の秘密には深く浸っていた。	クレンペキョートーワブコツナオトコダガ、ジブンノガクモンノヒミツニワフカクヒタッテイタ。
RECITATION324_077	0	尻尾ふりたて、ひげくいそらす。	シッポフリタテ、ヒゲクイソラス。
RECITATION324_078	0	すべての獲物を望みどおりに狙う技術がある。	スベテノエモノヲノゾミドオリニネラウギジュツガアル。
RECITATION324_079	0	タコのグニャグニャした感触が嫌だ。	タコノグニャグニャシタカンショクガイヤダ。
RECITATION324_080	0	私たちは、抽象的意識的自己を否定することで、本当の自己とは身心一如だということを知る。	ワタシタチワ、チュウショーテキイシキテキジコヲヒテースルコトデ、ホントーノジコトワシンジンイチニョダトユウコトヲシル。
RECITATION324_081	0	鹿島明神が釘で刺し貫いて、魚が動かないようにしている。	カシマミョージンガクギデサシツラヌイテ、サカナガウゴカナイヨーニシテイル。
RECITATION324_082	0	私は手始めに、同業者から話を聞く努力をした。	ワタシワテハジメニ、ドーギョーシャカラハナシヲキクドリョクヲシタ。
RECITATION324_083	0	とてもうれしそうにぴょんぴょん跳ねて出ていった。	トテモウレシソーニピョンピョンハネテデテイッタ。
RECITATION324_084	0	二分だけのオルガン演奏で終わってしまった。	ニフンダケノオルガンエンソーデオワッテシマッタ。
RECITATION324_085	0	ニセ教会に騙されるな。	ニセキョーカイニダマサレルナ。
RECITATION324_086	0	およそ百年前には、薬剤として薬屋で売っていた。	オヨソヒャクネンマエニワ、ヤクザイトシテクスリヤデウッテイタ。
RECITATION324_087	0	いっそ脚本家を目指した方がいいかとも考えた。	イッソキャクホンカヲメザシタホーガイイカトモカンガエタ。
RECITATION324_088	0	この書物に誤謬があっても、純一でない何ものにもインフェクトしないでしょう。	コノショモツニゴビュウガアッテモ、ジュンイツデナイナニモノニモインフェクトシナイデショー。
RECITATION324_089	0	仏教はインド由来の宗教です	ブッキョーワインドユライノシュウキョーデス。
RECITATION324_090	0	キャリーバッグは旅行に必須。	キャリーバッグワリョコーニヒッス。
RECITATION324_091	0	本番前はメチャメチャ不安になる。	ホンバンマエワメチャメチャフアンニナル。
RECITATION324_092	0	三角関数においてピュタゴラスの定理は必須です。	サンカクカンスウニオイテピュタゴラスノテーリワヒッスデス。
RECITATION324_093	0	著名なラニョン博士が患者と接していた。	チョメーナラニョンハカセガカンジャトセッシテイタ。
RECITATION324_094	0	おもちゃの刀を持った少年が、お百度石に寄りかかっている。	オモチャノカタナヲモッタショーネンガ、オヒャクドイシニヨリカカッテイル。
RECITATION324_095	0	食料の補給が急務であると伝えられた。	ショクリョーノホキュウガキュウムデアルトツタエラレタ。
RECITATION324_096	0	展示会であの作品のみ不評だった。	テンジカイデアノサクヒンノミフヒョーダッタ。
RECITATION324_097	0	客人をもてなすのは当然です。	キャクジンヲモテナスノワトーゼンデス。
RECITATION324_098	0	旅行客が楽しめるように工夫しましょう。	リョコーキャクガタノシメルヨーニクフウシマショー。
RECITATION324_099	0	こんな冗談のようなニュースはない。	コンナジョーダンノヨーナニュースワナイ。
RECITATION324_100	0	小さい星をたくさん描いた、水飲みグラスはよくある。	チイサイホシヲタクサンエガイタ、ミズノミグラスワヨクアル。
RECITATION324_101	0	柄は、猫の尻尾でもあるように、尖端をぶるぶると震わせながら、動いていく。	エワ、ネコノシッポデモアルヨーニ、センタンヲブルブルトフルワセナガラ、ウゴイテイク。
RECITATION324_102	0	開店当初プリンが一番売れていた。	カイテントーショプリンガイチバンウレテイタ。
RECITATION324_103	0	ロナルドホープ大尉が大将のマンションへ急行しました。	ロナルドホープタイイガタイショーノマンションエキュウコーシマシタ。
RECITATION324_104	0	日刊センティナル紙のヘプバンです。	ニッカンセンティナルシノヘプバンデス。
RECITATION324_105	0	この宝石は、ひとつ百万円以上のお値段です。	コノホーセキワ、ヒトツヒャクマンエンイジョーノオネダンデス。
RECITATION324_106	0	チョウチョと仲良くなるんだから。	チョーチョトナカヨクナルンダカラ。
RECITATION324_107	0	宇宙では、エントロピーは無際限に増大している。	ウチュウデワ、エントロピーワムサイゲンニゾーダイシテイル。
RECITATION324_108	0	川の中流に集落がある。	カワノチュウリュウニシュウラクガアル。
RECITATION324_109	0	是非お話させて頂きたいと思います。	ゼヒオハナシサセテイタダキタイトオモイマス。
RECITATION324_110	0	お隣さんが蒟蒻を持っていらっしゃる。	オトナリサンガコンニャクヲモッテイラッシャル。
RECITATION324_111	0	パーティーは楽しむものです。	パーティーワタノシムモノデス。
RECITATION324_112	0	おてつと大きく書かれた番茶茶碗は、これらの人々の前に置かれた。	オテツトオオキクカカレタバンチャジャワンワ、コレラノヒトビトノマエニオカレタ。
RECITATION324_113	0	私のポケットの中には携帯電話が入っています。	ワタシノポケットノナカニワケータイデンワガハイッテイマス。
RECITATION324_114	0	彼は今度は牧場へ行って、沼地で小悪魔の尻尾一つ見つけました。	カレワコンドワボクジョーエイッテ、ヌマチデコアクマノシッポヒトツミツケマシタ。
RECITATION324_115	0	五行説による占いがあるという情報あり。	ゴギョーセツニヨルウラナイガアルトユウジョーホーアリ。
RECITATION324_116	0	テンプル君、既に真逆だと言った。	テンプルクン、スデニマギャクダトイッタ。
RECITATION324_117	0	世界中の様々なモニュメントを訪ね歩いた。	セカイジュウノサマザマナモニュメントヲタズネアルイタ。
RECITATION324_118	0	アンソニー・ホプキンスは有名な俳優です。	アンソニーホプキンスワユウメーナハイユウデス。
RECITATION324_119	0	彼女は出来るだけぴったりと耳をあてて聴きました。	カノジョワデキルダケピッタリトミミヲアテテキキマシタ。
RECITATION324_120	0	茶一つ参らぬか、まあいいで。	チャヒトツマイラヌカ、マアイイデ。
RECITATION324_121	0	ボヤですんでよかった。	ボヤデスンデヨカッタ。
RECITATION324_122	0	モンタギュ・ゴーシ卿がマンチェスターに来た。	モンタギュゴーシキョーガマンチェスターニキタ。
RECITATION324_123	0	ウィスキーの水割りをガッツリ飲んだ。	ウィスキーノミズワリヲガッツリノンダ。
RECITATION324_124	0	これやお祭りを若いものに見せるにゃ持ってこいだ。	コレヤオマツリヲワカイモノニミセルニャモッテコイダ。
RECITATION324_125	0	私はイメージカラーをピンクに決めた。	ワタシワイメージカラーヲピンクニキメタ。
RECITATION324_126	0	ムニャムニャ、もう食べれません。	ムニャムニャ、モータベレマセン。
RECITATION324_127	0	満洲は雨季以外には雨が少ないと言われているが、わたしが満洲にあるあいだは、大戦中のせいか、ずいぶん雨が多かった。	マンシュウワウキイガイニワアメガスクナイトイワレテイルガ、ワタシガマンシュウニアルアイダワ、タイセンチュウノセーカ、ズイブンアメガオオカッタ。
RECITATION324_128	0	均一居酒屋では一番売れても二人で八千円くらいだ。	キンイツイザカヤデワイチバンウレテモフタリデハッセンエンクライダ。
RECITATION324_129	0	願いをかなえる。	ネガイヲカナエル。
RECITATION324_130	0	最初辛かったけど、花や園芸が好きだったから、失意が癒やされないこともない。	サイショツラカッタケド、ハナヤエンゲーガスキダッタカラ、シツイガイヤサレナイコトモナイ。
RECITATION324_131	0	ペピス爺さんはもう寝るらしい。	ペピスジイサンワモーネルラシイ。
RECITATION324_132	0	直ぐウィルキンソンを呼びに行け。	スグウィルキンソンヲヨビニイケ。
RECITATION324_133	0	お昼前ジャスパーさん宅へ再びお邪魔しました。	オヒルマエジャスパーサンタクエフタタビオジャマシマシタ。
RECITATION324_134	0	その竜の百の頭が恐ろしい。	ソノリュウノヒャクノアタマガオソロシイ。
RECITATION324_135	0	必要なミョウバンの量はプリントに書いてあります。	ヒツヨーナミョーバンノリョーワプリントニカイテアリマス。
RECITATION324_136	0	マリー・ロジェはパヴェサンタンの家を出た。	マリーロジェワパヴェサンタンノイエヲデタ。
RECITATION324_137	0	読み進むにつれ、ますます興味が湧いた。	ヨミススムニツレ、マスマスキョーミガワイタ。
RECITATION324_138	0	笑いかけながら一二歩近寄った。	ワライカケナガライチニホチカヨッタ。
RECITATION324_139	0	地表を緑化して、温暖化を抑止する能力を強くする。	チヒョーヲリョクカシテ、オンダンカヲヨクシスルノーリョクヲツヨクスル。
RECITATION324_140	0	ハサミでプツッと切った切れ端をペットにあげた	ハサミデプツットキッタキレハシヲペットニアゲタ。
RECITATION324_141	0	ホームランを打つ。	ホームランヲウツ。
RECITATION324_142	0	プレゼントをギャロウェイさんに渡してください。	プレゼントヲギャローェイサンニワタシテクダサイ。
RECITATION324_143	0	ケプラーの法則について直接私に聞いてきた。	ケプラーノホーソクニツイテチョクセツワタシニキイテキタ。
RECITATION324_144	0	ウェンディーズはハンバーガー屋さんです。	ウェンディーズワハンバーガーヤサンデス。
RECITATION324_145	0	しかし氷河はアルプスだけにあるものではない。	シカシヒョーガワアルプスダケニアルモノデワナイ。
RECITATION324_146	0	この先百年も抹茶は衰退しない。	コノサキヒャクネンモマッチャワスイタイシナイ。
RECITATION324_147	0	自分を評価するのは会社であって、行き過ぎた自己表現は失脚につながる。	ジブンヲヒョーカスルノワカイシャデアッテ、イキスギタジコヒョーゲンワシッキャクニツナガル。
RECITATION324_148	0	夜に吹く風のヒュウヒュウという音が私を不安にさせる。	ヨルニフクカゼノヒュウヒュウトユウオトガワタシヲフアンニサセル。
RECITATION324_149	0	可愛い華奢な女の子。	カワイイキャシャナオンナノコ。
RECITATION324_150	0	水中の金魚をすくうためのポイ。	スイチュウノキンギョヲスクウタメノポイ。
RECITATION324_151	0	グレンエルギンはウィスキーの蒸留所です。	グレンエルギンワウィスキーノジョーリュウジョデス。
RECITATION324_152	0	一寸法師が、ヒョコヒョコと彼の方へ近づいた。	イッスンボーシガ、ヒョコヒョコトカレノホーエチカヅイタ。
RECITATION324_153	0	連中はリビングでぺちゃくちゃ喋って、警戒していない。	レンチュウワリビングデペチャクチャシャベッテ、ケーカイシテイナイ。
RECITATION324_154	0	平一郎はシャツ一枚になって絹物の布団の中へ潜りこんだ。	ヘーイチローワシャツイチマイニナッテキヌモノノフトンノナカエモグリコンダ。
RECITATION324_155	0	下京区に引っ越す。	シモギョークニヒッコス。
RECITATION324_156	0	彼の言葉に一種不思議な感覚を覚えた。	カレノコトバニイッシュフシギナカンカクヲオボエタ。
RECITATION324_157	0	この事業所には百人以上の人が勤めています。	コノジギョーショニワヒャクニンイジョーノヒトガツトメテイマス。
RECITATION324_158	0	わたしの家ばかりでなく、近所の住居といわず、商店といわず、バラックの家々ではみな草花を植えている。	ワタシノイエバカリデナク、キンジョノジュウキョトイワズ、ショーテントイワズ、バラックノイエイエデワミナクサバナヲウエテイル。
RECITATION324_159	0	どうせ私は馬の世話をせにゃならんから、外へ行こう。	ドーセワタシワウマノセワヲセニャナランカラ、ソトエイコー。
RECITATION324_160	0	ヤン・セチャンというお笑い芸人。	ヤンセチャントユウオワライゲーニン。
RECITATION324_161	0	男が妙な顔をして、一瞬残忍になった。	オトコガミョーナカオヲシテ、イッシュンザンニンニナッタ。
RECITATION324_162	0	普及活動に幻滅した。	フキュウカツドーニゲンメツシタ。
RECITATION324_163	0	雨がぽつぽつ降りだした。	アメガポツポツフリダシタ。
RECITATION324_164	0	ペリウィンクルやプランティンはブルーアイです。	ペリウィンクルヤプランティンワブルーアイデス。
RECITATION324_165	0	姫や侍女たちが、キンポウゲやタンポポの花を持って、彼の方へ駆け寄っていった。	ヒメヤジジョタチガ、キンポーゲヤタンポポノハナヲモッテ、カレノホーエカケヨッテイッタ。
RECITATION324_166	0	皆の協力のおかげで帰郷できた。	ミンナノキョーリョクノオカゲデキキョーデキタ。
RECITATION324_167	0	ウォルターとウォードが入室すると、ノラが真っ赤になった。	ウォルタートウォードガニュウシツスルト、ノラガマッカニナッタ。
RECITATION324_168	0	今の持ち札ではあがれずに終わる。	イマノモチフダデワアガレズニオワル。
RECITATION324_169	0	勉強中は話しかけないで。	ベンキョーチュウワハナシカケナイデ。
RECITATION324_170	0	レパードの花壇が枯れ果てた。	レパードノカダンガカレハテタ。
RECITATION324_171	0	蒸留酒にミョウバンを加える。	ジョーリュウシュニミョーバンヲクワエル。
RECITATION324_172	0	取っつきにくい女中が三人いる。	トッツキニクイジョチュウガサンニンイル。
RECITATION324_173	0	レインボーブリッジは東京の名所。	レインボーブリッジワトーキョーノメーショ。
RECITATION324_174	0	卑怯者は悪党です。	ヒキョーモノワアクトーデス。
RECITATION324_175	0	突然海へ飛び込んだ。	トツゼンウミエトビコンダ。
RECITATION324_176	0	仕事はどっさりとあります。	シゴトワドッサリトアリマス。
RECITATION324_177	0	葉巻パイプはありましたか。	ハマキパイプワアリマシタカ。
RECITATION324_178	0	八百屋に行って百円で大根を買った。	ヤオヤニイッテヒャクエンデダイコンヲカッタ。
RECITATION324_179	0	般若とは鬼女の能面の事です。	ハンニャトワキジョノノーメンノコトデス。
RECITATION324_180	0	日本へ行くには船か飛行機が必要です。	ニホンエイクニワフネカヒコーキガヒツヨーデス。
RECITATION324_181	0	しかしパーで回るのも難しい。	シカシパーデマワルノモムズカシイ。
RECITATION324_182	0	のぼせないように入浴するにはお湯の量と温度が大事。	ノボセナイヨーニニュウヨクスルニワオユノリョートオンドガダイジ。
RECITATION324_183	0	鬼太郎くんは冗談半分で盗みに入って怪我をした。	キタロークンワジョーダンハンブンデヌスミニハイッテケガヲシタ。
RECITATION324_184	0	バーニ医師がピシッと答えた。	バーニイシガピシットコタエタ。
RECITATION324_185	0	男の妙な動きが怪しい。	オトコノミョーナウゴキガアヤシイ。
RECITATION324_186	0	私の病気は先天性なのです。	ワタシノビョーキワセンテンセーナノデス。
RECITATION324_187	0	三国志の関羽という将軍はすごく有名です。	サンゴクシノカンウトユウショーグンワスゴクユウメーデス。
RECITATION324_188	0	過酷な業務に耐える。	カコクナギョームニタエル。
RECITATION324_189	0	町の女房らしい二人連れが、日傘を持って入ってきた。	マチノニョーボーラシイフタリヅレガ、ヒガサヲモッテハイッテキタ。
RECITATION324_190	0	名をツァウォツキイといった。	ナヲツァウォツキイトイッタ。
RECITATION324_191	0	飲み会の参加を拒否した。	ノミカイノサンカヲキョヒシタ。
RECITATION324_192	0	夫人が仰天したのも無理はない。	フジンガギョーテンシタノモムリワナイ。
RECITATION324_193	0	セファドールはめまいを抑える薬です。	セファドールワメマイヲオサエルクスリデス。
RECITATION324_194	0	明の一訓詁学者は、宋代典籍の一つにあげてある茶せんの形状を思い起こすに苦しんでいる。	ミンノイチクンコガクシャワ、ソーダイテンセキノヒトツニアゲテアルチャセンノケージョーヲオモイオコスニクルシンデイル。
RECITATION324_195	0	深海魚は見た目は悪いがおいしいことが多い。	シンカイギョワミタメワワルイガオイシイコトガオオイ。
RECITATION324_196	0	ニューヨークでイヴニングポストの記事に注目した。	ニューヨークデイヴニングポストノキジニチュウモクシタ。
RECITATION324_197	0	確かに牛乳とコーンフレークの相性は抜群だ。	タシカニギュウニュウトコーンフレークノアイショーワバツグンダ。
RECITATION324_198	0	その一は、明治三十七年の九月八日か九日の夜とおぼえている。	ソノイチワ、メージサンジュウナナネンノクガツヨーカカココノカノヨルトオボエテイル。
RECITATION324_199	0	マルメゾンの店主はジェシーとは仲良しだ。	マルメゾンノテンシュワジェシートワナカヨシダ。
RECITATION324_200	0	釣竿を肩にかけた処士あり。	ツリザオヲカタニカケタショシアリ。
RECITATION324_201	0	最新鋭機に乗り込む。	サイシンエーキニノリコム。
RECITATION324_202	0	誰かが後ろへ来て、変な声で叫んだのでぞっとした。	ダレカガウシロエキテ、ヘンナコエデサケンダノデゾットシタ。
RECITATION324_203	0	おおでらの石段の前に立ち止まって、その出て来るのを待ちあわせた。	オオデラノイシダンノマエニタチドマッテ、ソノデテクルノヲマチアワセタ。
RECITATION324_204	0	未解決の懸案を持って重役と対峙する。	ミカイケツノケンアンヲモッテジュウヤクトタイジスル。
RECITATION324_205	0	薄月の光が庭を照らす。	ウスヅキノヒカリガニワヲテラス。
RECITATION324_206	0	犯人がどっちの部屋へ入ったかわからない。	ハンニンガドッチノヘヤエハイッタカワカラナイ。
RECITATION324_207	0	渓谷から出た氷河が一本に合流する。	ケーコクカラデタヒョーガガイッポンニゴーリュウスル。
RECITATION324_208	0	ディスカッションを進める。	ディスカッションヲススメル。
RECITATION324_209	0	九頭竜明神を祭るために灯篭をながす。	クズリュウミョージンヲマツルタメニトーローヲナガス。
RECITATION324_210	0	今回の資料作りは深い思慮を必要としたが、先日やっと終了した。	コンカイノシリョーヅクリワフカイシリョヲヒツヨートシタガ、センジツヤットシュウリョーシタ。
RECITATION324_211	0	骨子をしっかりと組み立てる。	コッシヲシッカリトクミタテル。
RECITATION324_212	0	気球にのって空を楽しむ。	キキュウニノッテソラヲタノシム。
RECITATION324_213	0	批評ばかりでなく対案も出すべき。	ヒヒョーバカリデナクタイアンモダスベキ。
RECITATION324_214	0	かれらは幕のあいだに木戸の外を散歩しているのである。	カレラワマクノアイダニキドノソトヲサンポシテイルノデアル。
RECITATION324_215	0	過去の数々の奇病が治るようになりつつある。	カコノカズカズノキビョーガナオルヨーニナリツツアル。
RECITATION324_216	0	購入者はポンプの修理が必要なことに気がついた。	コーニュウシャワポンプノシュウリガヒツヨーナコトニキガツイタ。
RECITATION324_217	0	彼自身は、レジ業務につきたいと思っている。	カレジシンワ、レジギョームニツキタイトオモッテイル。
RECITATION324_218	0	地毛は金色なんです。	ジゲワキンイロナンデス。
RECITATION324_219	0	鉛筆は折れやすくて不便です。	エンピツワオレヤスクテフベンデス。
RECITATION324_220	0	ヒポクラテスは医学の父と呼ばれます。	ヒポクラテスワイガクノチチトヨバレマス。
RECITATION324_221	0	ところが商人は、国ざかいのすぐ近くへ住まって、やはり前と同じようにやっています。	トコロガショーニンワ、クニザカイノスグチカクエスマッテ、ヤハリマエトオナジヨーニヤッテイマス。
RECITATION324_222	0	今まで明るかった二階の窓は、急にまっくらになってしまいました。	イママデアカルカッタニカイノマドワ、キュウニマックラニナッテシマイマシタ。
RECITATION324_223	0	アスファルトに囲まれた中にケヤキの木が一本。	アスファルトニカコマレタナカニケヤキノキガイッポン。
RECITATION324_224	0	名札を用意する。	ナフダヲヨーイスル。
RECITATION324_225	0	マッチョな男性はモテるそう。	マッチョナダンセーワモテルソー。
RECITATION324_226	0	社務所の人の話に嘘はなかった。	シャムショノヒトノハナシニウソワナカッタ。
RECITATION324_227	0	行楽シーズンの京都は人でいっぱい。	コーラクシーズンノキョートワヒトデイッパイ。
RECITATION324_228	0	どこからかパチパチと音が聞こえる。	ドコカラカパチパチトオトガキコエル。
RECITATION324_229	0	プロ野球はどのチームが優勝するだろう？	プロヤキュウワドノチームガユウショースルダロー？
RECITATION324_230	0	しかし、これではまるで私が誘拐しましたと自首して出るようなもので、そんな馬鹿なことをするやつはあるまい。	シカシ、コレデワマルデワタシガユウカイシマシタトジシュシテデルヨーナモノデ、ソンナバカナコトヲスルヤツワアルマイ。
RECITATION324_231	0	切望しつつ、主を待つ。	セツボーシツツ、ヌシヲマツ。
RECITATION324_232	0	しばらくしてパチパチという音も止んだ。	シバラクシテパチパチトユウオトモヤンダ。
RECITATION324_233	0	身分をわきまえず放った狂言。	ミブンヲワキマエズハナッタキョーゲン。
RECITATION324_234	0	天を翔ける竜の姿は神秘的だ。	テンヲカケルリュウノスガタワシンピテキダ。
RECITATION324_235	0	私の精神と一脈相通じるものがあると思いました。	ワタシノセーシントイチミャクアイツウジルモノガアルトオモイマシタ。
RECITATION324_236	0	皆も球場に行きましょう。	ミンナモキュウジョーニイキマショー。
RECITATION324_237	0	コペルニクスはポーランドの天文学者です。	コペルニクスワポーランドノテンモンガクシャデス。
RECITATION324_238	0	海沿いの旅館は眺めがいい。	ウミゾイノリョカンワナガメガイイ。
RECITATION324_239	0	集中すると周りが見えない。	シュウチュウスルトマワリガミエナイ。
RECITATION324_240	0	春木座は今日の本郷座である。	ハルキザワコンニチノホンゴーザデアル。
RECITATION324_241	0	私の手を引っ張るようにして、手のひらへくれました。	ワタシノテヲヒッパルヨーニシテ、テノヒラエクレマシタ。
RECITATION324_242	0	北海の荒波は、その氷の絶壁の根を噛んで、激しく飛沫を散らしている。	ホッカイノアラナミワ、ソノコオリノゼッペキノネヲカンデ、ハゲシクシブキヲチラシテイル。
RECITATION324_243	0	戦意を喪失させるのが勝利への近道。	センイヲソーシツサセルノガショーリエノチカミチ。
RECITATION324_244	0	がちょうを飼う。	ガチョーヲカウ。
RECITATION324_245	0	ふぁふぁと笑いながら楽しく手拍子。	ファファトワライナガラタノシクテビョーシ。
RECITATION324_246	0	従軍記者は大尉相当の待遇を受ける。	ジュウグンキシャワタイイソートーノタイグウヲウケル。
RECITATION324_247	0	茶碗にかかるほど、シャツの袖のふくらかなので、掻き抱く体に茶碗を持った。	チャワンニカカルホド、シャツノソデノフクラカナノデ、カキイダクテーニチャワンヲモッタ。
RECITATION324_248	0	色々隠して今日まで犯人と共にいる。	イロイロカクシテキョーマデハンニントトモニイル。
RECITATION324_249	0	浦子は寝ながら息を引いた。	ウラコワネナガライキヲヒイタ。
RECITATION324_250	0	兄が邪険にされた。	アニガジャケンニサレタ。
RECITATION324_251	0	彼は不服そうに呟いた。	カレワフフクソーニツブヤイタ。
RECITATION324_252	0	摸造品ばかりでなく、本物のドイツ将校や兵卒のヘルメットを売っているのもある。	モゾーヒンバカリデナク、ホンモノノドイツショーコーヤヘーソツノヘルメットヲウッテイルノモアル。
RECITATION324_253	0	彼女と一緒にいると落ち着きます。	カノジョトイッショニイルトオチツキマス。
RECITATION324_254	0	困ってる人に向けて寄付をしました。	コマッテルヒトニムケテキフヲシマシタ。
RECITATION324_255	0	落ち込んでいるのか、うつむいてじっとしている。	オチコンデイルノカ、ウツムイテジットシテイル。
RECITATION324_256	0	改良が進むとパンはどんどんおいしくなる。	カイリョーガススムトパンワドンドンオイシクナル。
RECITATION324_257	0	こんなことを言いながら、気の短いおじいさんは下駄を突っかけて、そそくさと出て行ってしまった。	コンナコトヲイイナガラ、キノミジカイオジイサンワゲタヲツッカケテ、ソソクサトデテイッテシマッタ。
RECITATION324_258	0	彼女と初デートの今日は夢うつつ。	カノジョトハツデートノキョーワユメウツツ。
RECITATION324_259	0	おなじ東京の名をよぶにも、今後はおそらく旧東京と新東京とに区別されるであろう。	オナジトーキョーノナヲヨブニモ、コンゴワオソラクキュウトーキョートシントーキョートニクベツサレルデアロー。
RECITATION324_260	0	腰振りを二分間続ける。	コシフリヲニフンカンツヅケル。
RECITATION324_261	0	臆病者が逃げ出した。	オクビョーモノガニゲダシタ。
RECITATION324_262	0	絵葉書と一緒に銀色のルアーをマッシュに送った。	エハガキトイッショニギンイロノルアーヲマッシュニオクッタ。
RECITATION324_263	0	オムライスにはケチャップが一番。	オムライスニワケチャップガイチバン。
RECITATION324_264	0	ストレスは適度に発散しましょう。	ストレスワテキドニハッサンシマショー。
RECITATION324_265	0	この人よりぞ始まりける。	コノヒトヨリゾハジマリケル。
RECITATION324_266	0	中学生の時、避暑旅行中に体調を崩した。	チュウガクセーノトキ、ヒショリョコーチュウニタイチョーヲクズシタ。
RECITATION324_267	0	軍医は病院の門に入るのである。	グンイワビョーインノモンニハイルノデアル。
RECITATION324_268	0	一日中明るい白夜は、一切太陽が沈まないことで起こります。	イチニチジュウアカルイビャクヤワ、イッサイタイヨーガシズマナイコトデオコリマス。
RECITATION324_269	0	もう、あなたにばかりも精一杯、誰にも見せられます体ではないんです。	モー、アナタニバカリモセーイッパイ、ダレニモミセラレマスカラダデワナインデス。
RECITATION324_270	0	みんな揃って海に飛び込んだ。	ミンナソロッテウミニトビコンダ。
RECITATION324_271	0	なんだそりゃ、到底無理なお願いだ。	ナンダソリャ、トーテームリナオネガイダ。
RECITATION324_272	0	腸チフスは怖い病気。	チョーチフスワコワイビョーキ。
RECITATION324_273	0	排球はバレーボールの事です。	ハイキュウワバレーボールノコトデス。
RECITATION324_274	0	マッチを買いに入ったのかな。	マッチヲカイニハイッタノカナ。
RECITATION324_275	0	盆栽は風情がある。	ボンサイワフゼーガアル。
RECITATION324_276	0	やがて陪審員は合議をするために法廷を出て行った。	ヤガテバイシンインワゴーギヲスルタメニホーテーヲデテイッタ。
RECITATION324_277	0	芸術の求める永遠性に疑問を感じる。	ゲージュツノモトメルエーエンセーニギモンヲカンジル。
RECITATION324_278	0	聞きつけて、件の嫗、ぶるぶるとかぶりをふった。	キキツケテ、クダンノオーナ、ブルブルトカブリヲフッタ。
RECITATION324_279	0	キェルツェを通ってドビェに、ザリピェからミェイに行く。	キェルツェヲトオッテドビェニ、ザリピェカラミェイニイク。
RECITATION324_280	0	マリアーンスケー・ラーズニェを訪れる。	マリアーンスケーラーズニェヲオトズレル。
RECITATION324_281	0	乳牛を見ながら、レテュの入ったピッツァを食べる。	ニュウギュウヲミナガラ、レテュノハイッタピッツァヲタベル。
RECITATION324_282	0	ウドゥの奏者を施療した。	ウドゥノソーシャヲセリョーシタ。
RECITATION324_283	0	インスティテュートで、リデュースの話と併せて、ルデュックの話も聞いた。	インスティテュートデ、リデュースノハナシトアワセテ、ルデュックノハナシモキイタ。
RECITATION324_284	0	ギェナーを見てイェーイと叫ぶ。	ギェナーヲミテイェーイトサケブ。
RECITATION324_285	0	スィーディーを聞きながら、でゃーこんを食べる。	スィーディーヲキキナガラ、デャーコンヲタベル。
RECITATION324_286	0	テョさんはズィーブラを見た。	テョサンワズィーブラヲミタ。
RECITATION324_287	0	レヴォリューション。	レヴォリューション。
RECITATION324_287	1	レギュレーション。	レギュレーション。
RECITATION324_287	2	エデュケーション。	エデュケーション。
RECITATION324_288	0	ブレンドデョート。	ブレンドデョート。
RECITATION324_288	1	ラーテャン。	ラーテャン。
RECITATION324_289	0	あっあの。	アッアノ。
RECITATION324_289	1	いっいえ。	イッイエ。
RECITATION324_289	2	えっえぇ。	エッエェ。
RECITATION324_289	3	おっおい。	オッオイ。
RECITATION324_289	4	んーとね。	ンートネ。
RECITATION324_290	0	いぶかしげに見上げた雨雲から、琥珀色のドラゴンがギュンと現れた。	イブカシゲニミアゲタアマグモカラ、コハクイロノドラゴンガギュントアラワレタ。
RECITATION324_291	0	布でギュギュっとヌンチャクを縛る。	ヌノデギュギュットヌンチャクヲシバル。
RECITATION324_292	0	服を脱ぐが、いつも上下が逆さまだ。	フクヲヌグガ、イツモジョーゲガサカサマダ。
RECITATION324_293	0	放課後の音楽室で、高音を頑張って出した。	ホーカゴノオンガクシツデ、コーオンヲガンバッテダシタ。
RECITATION324_294	0	モゴモゴしながら言うギャグは面白くない。	モゴモゴシナガラユウギャグワオモシロクナイ。
RECITATION324_295	0	海水魚の漁業の一環として、稚魚が育てられている。	カイスイギョノギョギョーノイッカントシテ、チギョガソダテラレテイル。
RECITATION324_296	0	ムンムンとした熱気に、あの淡水魚もへとへとになっている。	ムンムントシタネッキニ、アノタンスイギョモヘトヘトニナッテイル。
RECITATION324_297	0	ヘスティア所長は、十二音音楽の作法を知っている。	ヘスティアショチョーワ、ジュウニオンオンガクノサホーヲシッテイル。
RECITATION324_298	0	主催者は、このフェスのキャパが小さいことを、セシルから聞いた。	シュサイシャワ、コノフェスノキャパガチイサイコトヲ、セシルカラキイタ。
RECITATION324_299	0	母は、サフランライスと、さつまいもの入ったシチューと、ポトフをハフハフしながら食べた。	ハハワ、サフランライスト、サツマイモノハイッタシチュート、ポトフヲハフハフシナガラタベタ。
RECITATION324_300	0	そして、左京と千紗はヘファ駅に着いた。	ソシテ、サキョートチサワヘファエキニツイタ。
RECITATION324_301	0	根本と曽原は主君を批判した。	ネモトトソハラワシュクンヲヒハンシタ。
RECITATION324_302	0	ケケっと笑いながら、津原はパトカーに乗った。	ケケットワライナガラ、ツハラワパトカーニノッタ。
RECITATION324_303	0	キュキュッと鳴らした靴でパスを出した。	キュキュットナラシタクツデパスヲダシタ。
RECITATION324_304	0	ティファニーはパピーにムギュッと抱き着きながら、チュチュッとキスをし、センキュと言った。	ティファニーワパピーニムギュットダキツキナガラ、チュチュットキスヲシ、センキュトイッタ。
RECITATION324_305	0	その義軍は、一ヘクタールほふく前進をした。	ソノギグンワ、イチヘクタールホフクゼンシンヲシタ。
RECITATION324_306	0	へへっと、きゃつは媚びへつらった。	ヘヘット、キャツワコビヘツラッタ。
RECITATION324_307	0	ほとんどの被調査者は、写真を車載した。	ホトンドノヒチョーサシャワ、シャシンヲシャサイシタ。
RECITATION324_308	0	補佐が、一酸化炭素中毒になるというハプニングは起きなかった。	ホサガ、イッサンカタンソチュウドクニナルトユウハプニングワオキナカッタ。
RECITATION324_309	0	スチューデントが被災するファクターを、可能な限り取り払う。	スチューデントガヒサイスルファクターヲ、カノーナカギリトリハラウ。
RECITATION324_310	0	カフェとは、ブレックファストとして、フォカッチャを食べれる場所でもある。	カフェトワ、ブレックファストトシテ、フォカッチャヲタベレルバショデモアル。
RECITATION324_311	0	普通、初級者では、高音を伸ばすことはできない。	フツウ、ショキュウシャデワ、コーオンヲノバスコトワデキナイ。
RECITATION324_312	0	彼からしたら、左中間から見る景色は貴重だった。	カレカラシタラ、サチュウカンカラミルケシキワキチョーダッタ。
RECITATION324_313	0	シェパードと同居中に、フォスターはその格付け表を見た。	シェパードトドーキョチュウニ、フォスターワソノカクヅケヒョーヲミタ。
RECITATION324_314	0	去々年、虚数とヘ長調について学んだ。	キョキョネン、キョスウトヘチョーチョーニツイテマナンダ。
RECITATION324_315	0	脚立の上でヒュヒューと風が吹くと、彼は背筋を伸ばした。	キャタツノウエデヒュヒュートカゼガフクト、カレワセスジヲノバシタ。
RECITATION324_316	0	昼にはペスカトーレを、夜には寿司をパクパク食べた。	ヒルニワペスカトーレヲ、ヨルニワスシヲパクパクタベタ。
RECITATION324_317	0	ケフィアに関するこの本は、初版では三百部くらいだったが、次から波及的に増加した。	ケフィアニカンスルコノホンワ、ショハンデワサンビャクブクライダッタガ、ツギカラハキュウテキニゾーカシタ。
RECITATION324_318	0	皮膚が私のフェチである。	ヒフガワタシノフェチデアル。
RECITATION324_319	0	社販で巨富を築くという、彼の目論見は途中でへし折られた。	シャハンデキョフヲキズクトユウ、カレノモクロミワトチュウデヘシオラレタ。
RECITATION324_320	0	左表のとおりの支出になることが、ある意味わが社の社風である。	サヒョーノトオリノシシュツニナルコトガ、アルイミワガシャノシャフウデアル。
RECITATION324_321	0	この古風な酒瓢は故郷のものだ。	コノコフウナシュヒョーワコキョーノモノダ。
RECITATION324_322	0	そのほつれが腐敗しているというのは、誇張した表現だと思う。	ソノホツレガフハイシテイルトユウノワ、コチョーシタヒョーゲンダトオモウ。
RECITATION324_323	0	その映画の出演者である彼が、主犯である可能性はフィフティーフィフティーだ。	ソノエーガノシュツエンシャデアルカレガ、シュハンデアルカノーセーワフィフティーフィフティーダ。
RECITATION324_324	0	チュクンの波長は、パツンと共通している。	チュクンノハチョーワ、パツントキョーツウシテイル。
